{"cameraMode":{"drawMode":0,"name":"Shaded","section":"Shading Mode"},"sceneLighting":false,"audioPlay":false,"sceneViewState":{"m_AlwaysRefresh":false,"showFog":true,"showSkybox":false,"showFlares":true,"showImageEffects":true,"showParticleSystems":true,"showVisualEffectGraphs":true,"m_FxEnabled":true},"in2DMode":false,"pivot":{"x":0.04468429088592529,"y":-0.1618935465812683,"z":3.070969343185425},"rotation":{"x":0.15028898417949677,"y":-0.5346362590789795,"z":0.09728764742612839,"w":0.8259027004241943},"size":1.4969836473464966,"orthographic":false}